name,window_size,pattern_code,count,mean_angle_degrees,mean_gap_candles,cv_gap,mean_forward_return_pct,forward_win_rate,pair,timeframe,win_rate_dev
Frequency 1,3,UM1|UM2|UM2,8,50.7,168.0,0.860155090693156,-0.0539,0.375,USDCAD,H4,0.125
Frequency 2,3,DM2|UM3|DM2,6,9.98,406.6,0.7402625774173638,-0.1941,0.5,USDCAD,H4,0.0
Frequency 1,3,UM2|DS2|US1,11,-32.69,674.3,1.24127026006401,0.2855,0.6363636363636364,GBPUSD,H4,0.13636363636363635
Frequency 2,3,UM2|US1|UM2,11,48.89,693.1,0.9629004651793828,0.0124,0.5454545454545454,GBPUSD,H4,0.045454545454545414
Frequency 3,3,UM2|UM2|UM2,11,50.27,523.4,1.1022888541629507,-0.0982,0.4545454545454545,GBPUSD,H4,0.045454545454545525
Frequency 4,3,UM2|US2|DM2,10,-18.73,692.5555555555555,1.2864503627654809,0.2327,0.6,GBPUSD,H4,0.09999999999999998
Frequency 5,3,US1|UM2|UM2,10,50.61,662.7777777777778,0.8521276895174201,-0.0264,0.5,GBPUSD,H4,0.0
Frequency 6,3,DM2|DM2|DM2,9,-50.53,832.125,0.7401883910614033,0.0928,0.3333333333333333,GBPUSD,H4,0.16666666666666669
Frequency 7,3,US2|US2|UM2,9,49.85,680.125,0.6215961261413654,-0.1594,0.4444444444444444,GBPUSD,H4,0.05555555555555558
Frequency 8,3,US1|US1|UM3,9,46.32,798.0,0.8319712047765547,-0.1271,0.3333333333333333,GBPUSD,H4,0.16666666666666669
Frequency 9,3,US1|DM2|DM2,9,-50.56,719.0,1.0923288734269223,-0.0095,0.4444444444444444,GBPUSD,H4,0.05555555555555558
Frequency 10,3,DS2|US1|DM1,8,-22.44,994.0,1.1844515428307585,0.1404,0.625,GBPUSD,H4,0.125
Frequency 11,3,US1|DS2|DM2,8,-50.21,886.0,0.5186858758913206,-0.0093,0.625,GBPUSD,H4,0.125
Frequency 12,3,UM3|UM2|DM2,8,-4.74,817.4285714285714,0.8469926471788202,-0.2661,0.125,GBPUSD,H4,0.375
Frequency 13,3,DS1|US2|DS2,8,-15.38,957.4285714285714,0.8770348471663558,-0.2431,0.25,GBPUSD,H4,0.25
Frequency 14,3,UM2|DS1|UM2,8,30.9,799.0,1.0849058130443885,0.133,0.625,GBPUSD,H4,0.125
Frequency 15,3,DM2|US1|DS2,8,-31.46,802.2857142857143,0.5735339432155885,-0.2134,0.375,GBPUSD,H4,0.125
Frequency 16,3,UM2|UM2|UM3,8,41.27,841.8571428571429,0.9661767314030568,0.0904,0.375,GBPUSD,H4,0.125
Frequency 17,3,UM1|DM1|DM2,8,-49.76,605.1428571428571,0.8291038708020817,-0.102,0.5,GBPUSD,H4,0.0
Frequency 18,3,DM2|DS2|US1,8,-31.01,807.2857142857143,0.6557267457951577,-0.4685,0.125,GBPUSD,H4,0.375
Frequency 19,3,DS2|US1|US1,8,40.83,782.5714285714286,0.7342790504523957,-0.1853,0.375,GBPUSD,H4,0.125
Frequency 20,3,UM2|US1|UM3,8,47.78,824.0,0.5776994042514104,0.1774,0.75,GBPUSD,H4,0.25
Frequency 21,3,DS2|US2|DM1,8,6.19,835.5714285714286,1.1472948452814988,0.2984,0.5,GBPUSD,H4,0.0
Frequency 22,3,DM2|US1|DS1,8,2.0,682.7142857142857,0.4749040549125555,-0.1869,0.375,GBPUSD,H4,0.125
Frequency 23,3,DS1|US1|UM2,8,48.48,653.0,0.7109083623601943,-0.1545,0.375,GBPUSD,H4,0.125
Frequency 24,3,DS1|DM2|DM2,8,-50.5,310.85714285714283,0.5340140762207115,-0.0553,0.625,GBPUSD,H4,0.125
Frequency 25,3,UL2|DS1|DS2,7,-49.45,1026.8333333333333,0.5419080836576422,0.0248,0.5714285714285714,GBPUSD,H4,0.0714285714285714
Frequency 26,3,US2|DM3|UL3,7,34.59,1034.8333333333333,0.5552326903967424,0.2996,0.8571428571428571,GBPUSD,H4,0.3571428571428571
Frequency 27,3,DM1|US1|UM2,7,34.2,1191.8333333333333,0.9619255091311192,-0.0059,0.5714285714285714,GBPUSD,H4,0.0714285714285714
Frequency 28,3,UM2|DM2|DL2,7,-50.41,974.8333333333334,0.559272987655103,0.1818,0.4285714285714285,GBPUSD,H4,0.07142857142857151
Frequency 29,3,DM2|DM2|UM1,7,-31.49,1172.6666666666667,1.26886244589589,-0.1509,0.2857142857142857,GBPUSD,H4,0.2142857142857143
Frequency 30,3,DM2|UM1|US1,7,37.25,1159.6666666666667,1.2900086409854412,-0.0869,0.4285714285714285,GBPUSD,H4,0.07142857142857151
Frequency 31,3,DM3|DM1|DM2,7,-49.8,1116.3333333333333,0.4108218236707633,0.0033,0.4285714285714285,GBPUSD,H4,0.07142857142857151
Frequency 32,3,UL2|US1|UM2,7,37.78,1184.1666666666667,0.4862810173079016,-0.1768,0.4285714285714285,GBPUSD,H4,0.07142857142857151
Frequency 33,3,US1|US2|DS1,7,22.43,1078.8333333333333,0.7315445788381977,0.0472,0.7142857142857143,GBPUSD,H4,0.2142857142857143
Frequency 34,3,US1|UM2|US2,7,49.2,1165.1666666666667,0.7889249895529891,-0.3755,0.0,GBPUSD,H4,0.5
Frequency 35,3,DM2|DL2|UM2,7,-25.69,1113.6666666666667,0.9095508249897846,-0.074,0.2857142857142857,GBPUSD,H4,0.2142857142857143
Frequency 36,3,DS2|US1|UM2,7,47.63,1058.8333333333333,0.457940115986497,-0.0603,0.4285714285714285,GBPUSD,H4,0.07142857142857151
Frequency 37,3,US2|UM2|DM2,7,3.78,965.0,0.7776245253708447,-0.1179,0.4285714285714285,GBPUSD,H4,0.07142857142857151
Frequency 38,3,UM2|DM1|UM2,7,36.09,1046.0,0.7348541947021094,0.1984,0.7142857142857143,GBPUSD,H4,0.2142857142857143
Frequency 39,3,DM1|DM1|DM2,7,-49.79,1094.1666666666667,1.0666369588839086,0.1539,0.5714285714285714,GBPUSD,H4,0.0714285714285714
Frequency 40,3,US1|DS2|UM1,7,1.82,1051.1666666666667,0.8863893001140828,-0.1659,0.2857142857142857,GBPUSD,H4,0.2142857142857143
Frequency 41,3,DS1|DS1|DS2,7,-48.78,989.5,0.6391177120076013,0.1213,0.7142857142857143,GBPUSD,H4,0.2142857142857143
Frequency 42,3,UM3|DM2|DM2,7,-50.67,999.8333333333334,0.7108747469281721,0.504,0.8571428571428571,GBPUSD,H4,0.3571428571428571
Frequency 43,3,DM2|DS1|DS1,7,-49.92,722.0,0.9786204795717902,0.4504,0.8571428571428571,GBPUSD,H4,0.3571428571428571
Frequency 44,3,UM2|DM2|UM1,7,-34.02,1011.1666666666666,0.3401504942938946,0.2288,0.7142857142857143,GBPUSD,H4,0.2142857142857143
Frequency 45,3,DS1|DS2|DS2,7,-50.5,995.0,0.4595192785851273,-0.1481,0.2857142857142857,GBPUSD,H4,0.2142857142857143
Frequency 46,3,DS1|UM1|DM2,7,-34.79,961.1666666666666,1.2884331775451603,0.1359,0.5714285714285714,GBPUSD,H4,0.0714285714285714
Frequency 47,3,US1|DL2|DM2,7,-50.37,762.0,0.5788160358778427,0.1595,0.7142857142857143,GBPUSD,H4,0.2142857142857143
Frequency 48,3,UM2|UM3|DM2,7,17.19,826.6666666666666,0.911304328325144,-0.0717,0.4285714285714285,GBPUSD,H4,0.07142857142857151
Frequency 49,3,DS1|UM2|UM3,7,50.24,613.0,0.967874118457204,0.2164,0.7142857142857143,GBPUSD,H4,0.2142857142857143
Frequency 50,3,UM2|DS2|US2,7,-6.24,521.6666666666666,0.7352661541282358,0.1164,0.7142857142857143,GBPUSD,H4,0.2142857142857143
Frequency 51,3,DS1|DS2|US1,6,-37.14,859.0,0.5340807057932261,0.0592,0.6666666666666666,GBPUSD,H4,0.16666666666666663
Frequency 52,3,DM1|DM2|DL3,6,-49.43,1493.8,1.1833375938230128,-0.1398,0.3333333333333333,GBPUSD,H4,0.16666666666666669
Frequency 53,3,DM2|DS1|UM1,6,12.61,1517.8,0.6940096310455336,0.0958,0.6666666666666666,GBPUSD,H4,0.16666666666666663
Frequency 54,3,UM1|UM1|UM2,6,49.91,1299.0,0.9571027541948792,0.1625,0.3333333333333333,GBPUSD,H4,0.16666666666666669
Frequency 55,3,UM2|UM2|DM3,6,-31.11,1170.0,0.5755248647065881,0.0134,0.5,GBPUSD,H4,0.0
Frequency 56,3,DM1|DM3|UM2,6,-31.51,1463.8,1.0646926819893503,-0.1704,0.1666666666666666,GBPUSD,H4,0.33333333333333337
Frequency 57,3,DM2|DL2|DL2,6,-50.52,1474.6,0.7936785150467204,-0.1266,0.1666666666666666,GBPUSD,H4,0.33333333333333337
Frequency 58,3,UM2|DM3|US2,6,-25.02,1376.2,0.7474134393419003,-0.0035,0.3333333333333333,GBPUSD,H4,0.16666666666666669
Frequency 59,3,US1|UM3|UM2,6,50.28,1252.4,0.446044131851888,-0.3447,0.0,GBPUSD,H4,0.5
Frequency 60,3,UM3|UM1|UL3,6,48.32,1416.0,0.9412594061608272,0.0531,0.3333333333333333,GBPUSD,H4,0.16666666666666669
Frequency 61,3,DS2|US1|UM1,6,49.78,1046.2,1.0145881150761924,0.0952,0.5,GBPUSD,H4,0.0
Frequency 62,3,DS2|DS1|UM3,6,44.39,1455.2,0.6716704474743546,-0.2625,0.1666666666666666,GBPUSD,H4,0.33333333333333337
Frequency 63,3,UM1|DL2|DS1,6,-47.78,1327.0,1.3375834508175513,0.1207,0.5,GBPUSD,H4,0.0
Frequency 64,3,US1|UM2|DS2,6,8.64,1180.6,0.8004926363353244,-0.0197,0.5,GBPUSD,H4,0.0
Frequency 65,3,DM2|UM2|DM2,6,1.6,1380.8,0.5515530896182785,0.0387,0.6666666666666666,GBPUSD,H4,0.16666666666666663
Frequency 66,3,DL2|DM2|UM2,6,-24.68,1315.0,0.4535740153958903,0.1746,0.6666666666666666,GBPUSD,H4,0.16666666666666663
Frequency 67,3,DM2|UM2|UM2,6,50.62,1404.0,0.5863800540983781,-0.0606,0.3333333333333333,GBPUSD,H4,0.16666666666666669
Frequency 68,3,UM3|DM2|DL3,6,-49.8,1063.6,0.9274510546494136,0.3136,0.8333333333333334,GBPUSD,H4,0.33333333333333337
Frequency 69,3,US1|UM2|UL2,6,50.05,929.0,0.9101398906015216,-0.2839,0.1666666666666666,GBPUSD,H4,0.33333333333333337
Frequency 70,3,US1|US2|US2,6,49.55,1104.0,0.8741147590884681,0.0353,0.6666666666666666,GBPUSD,H4,0.16666666666666663
Frequency 71,3,DM2|UM3|DS1,6,42.08,1362.6,0.9535338914224978,-0.2546,0.5,GBPUSD,H4,0.0
Frequency 72,3,UM2|UM2|DL2,6,-26.17,1132.4,0.8411271950419479,-0.0953,0.5,GBPUSD,H4,0.0
Frequency 73,3,UM1|DM1|UM2,6,33.65,1341.4,1.0141606015090183,-0.1308,0.6666666666666666,GBPUSD,H4,0.16666666666666663
Frequency 74,3,DL3|UM2|DM1,6,33.18,1363.2,0.7529827274009825,-0.0133,0.5,GBPUSD,H4,0.0
Frequency 75,3,DM2|DM2|UM2,6,2.23,1333.4,0.9475596924828772,0.0435,0.5,GBPUSD,H4,0.0
Frequency 76,3,DM2|UM2|UM3,6,50.45,1146.6,0.5899580398127748,-0.0107,0.5,GBPUSD,H4,0.0
Frequency 77,3,UM3|DL3|UM2,6,-34.36,885.8,0.6651475638111713,-0.034,0.1666666666666666,GBPUSD,H4,0.33333333333333337
Frequency 78,3,US1|DM2|UM2,6,16.61,802.2,0.936794084054668,0.077,0.5,GBPUSD,H4,0.0
Frequency 79,3,DS1|DS2|DS1,6,-48.98,1140.8,0.5900236000115799,-0.1945,0.1666666666666666,GBPUSD,H4,0.33333333333333337
Frequency 80,3,DM1|UM2|UM2,6,49.47,1258.4,1.0605488795414746,-0.0653,0.5,GBPUSD,H4,0.0
Frequency 81,3,UM2|US2|DM1,6,8.28,1257.6,0.8646670472594626,-0.2114,0.3333333333333333,GBPUSD,H4,0.16666666666666669
Frequency 82,3,UM2|DM1|DS1,6,-49.88,1291.2,0.8440346106778728,0.0773,0.6666666666666666,GBPUSD,H4,0.16666666666666663
Frequency 83,3,DM1|UM2|DS2,6,15.16,1156.8,0.4456026468536917,0.2876,0.8333333333333334,GBPUSD,H4,0.33333333333333337
Frequency 84,3,UL3|DM2|DS2,6,-50.09,965.0,0.8355648038526718,0.1376,0.8333333333333334,GBPUSD,H4,0.33333333333333337
Frequency 85,3,UM2|UM2|DS1,6,38.71,1197.6,1.051614835662947,-0.2219,0.3333333333333333,GBPUSD,H4,0.16666666666666669
Frequency 86,3,US2|DS1|DS2,6,-50.62,1228.8,0.671484545429734,0.3063,0.6666666666666666,GBPUSD,H4,0.16666666666666663
Frequency 87,3,US1|DS1|UM2,6,42.31,1173.4,1.0216463551785309,0.2587,0.6666666666666666,GBPUSD,H4,0.16666666666666663
Frequency 88,3,DL3|UL2|US1,6,48.04,962.4,0.8694859806864383,0.3166,1.0,GBPUSD,H4,0.5
Frequency 89,3,DM1|DM2|DS1,6,-46.58,1207.4,0.7620668134037559,0.5052,1.0,GBPUSD,H4,0.5
Frequency 90,3,DM1|UM2|UL2,6,50.1,1168.8,1.0313301384826017,-0.0463,0.3333333333333333,GBPUSD,H4,0.16666666666666669
Frequency 91,3,UM1|DM2|DS2,6,-49.99,1062.8,0.7814191189108319,-0.339,0.1666666666666666,GBPUSD,H4,0.33333333333333337
Frequency 92,3,US1|DS1|US1,6,-2.35,938.0,0.6296527254968491,-0.2405,0.1666666666666666,GBPUSD,H4,0.33333333333333337
Frequency 93,3,DM3|UM2|UM2,6,47.36,1080.2,0.5037664352109978,-0.1462,0.3333333333333333,GBPUSD,H4,0.16666666666666669
Frequency 94,3,US1|UM3|DS2,6,38.52,842.4,0.682163095520662,0.1455,0.5,GBPUSD,H4,0.0
Frequency 95,3,UM2|UM2|DM2,6,2.14,878.8,0.5454228473579773,-0.1576,0.3333333333333333,GBPUSD,H4,0.16666666666666669
Frequency 96,3,DM1|UM1|DS1,6,6.15,921.6,1.0423043114914496,-0.1787,0.1666666666666666,GBPUSD,H4,0.33333333333333337
Frequency 97,3,DM1|UM2|US2,6,49.79,979.4,0.8372013714077581,-0.1754,0.1666666666666666,GBPUSD,H4,0.33333333333333337
Frequency 98,3,DM2|UL3|DL2,6,30.13,897.4,0.5463317641513139,0.214,0.5,GBPUSD,H4,0.0
Frequency 99,3,UM2|DM2|US1,6,-43.37,495.6,0.4877724488446094,-0.2891,0.3333333333333333,GBPUSD,H4,0.16666666666666669
Frequency 100,3,DL2|DS1|UM2,6,26.39,804.0,0.9207058783202192,-0.0567,0.5,GBPUSD,H4,0.0
Frequency 1,3,UM2|DS1|UM2,12,25.8,658.6363636363636,0.92819928073971,0.1079,0.5,USDCHF,H4,0.0
Frequency 2,3,UM2|US2|DM2,12,-29.06,616.9090909090909,1.1994440938923834,0.1168,0.8333333333333334,USDCHF,H4,0.33333333333333337
Frequency 3,3,DS2|UM2|DS1,12,21.76,491.8181818181818,0.9699187834836688,0.1723,0.75,USDCHF,H4,0.25
Frequency 4,3,UM2|DM2|UM2,12,-8.51,317.09090909090907,0.6769860003439102,-0.003,0.5833333333333334,USDCHF,H4,0.08333333333333337
Frequency 5,3,DM2|UM2|UM2,11,49.21,707.0,0.7674632746673582,0.0259,0.5454545454545454,USDCHF,H4,0.045454545454545414
Frequency 6,3,UM2|UM2|DM3,10,-32.41,805.3333333333334,1.7790100081310125,0.1009,0.7,USDCHF,H4,0.19999999999999996
Frequency 7,3,UM2|UM1|UM2,9,43.06,834.5,0.8565639246576326,0.0525,0.5555555555555556,USDCHF,H4,0.05555555555555558
Frequency 8,3,US2|DM2|UM2,9,12.57,798.0,0.8570423166495701,-0.0498,0.5555555555555556,USDCHF,H4,0.05555555555555558
Frequency 9,3,DM2|UM2|DS1,9,31.33,648.75,0.7628129804484308,0.04,0.5555555555555556,USDCHF,H4,0.05555555555555558
Frequency 10,3,UM1|US1|UM2,9,49.0,751.75,0.8171220071782977,-0.0227,0.4444444444444444,USDCHF,H4,0.05555555555555558
Frequency 11,3,UM2|DS2|UM2,9,-24.46,644.25,0.9859653618585548,0.0741,0.6666666666666666,USDCHF,H4,0.16666666666666663
Frequency 12,3,UM1|US1|DM1,9,-14.26,651.0,0.6750815661568552,-0.0944,0.3333333333333333,USDCHF,H4,0.16666666666666669
Frequency 13,3,DS1|UM2|UM3,8,49.85,1086.428571428571,0.8851312919153533,0.0563,0.5,USDCHF,H4,0.0
Frequency 14,3,DM1|UM2|UM2,8,45.44,904.1428571428572,0.8229821078859197,-0.0117,0.5,USDCHF,H4,0.0
Frequency 15,3,UM1|DM2|UM1,8,-38.54,980.0,0.8357633201119804,-0.0071,0.5,USDCHF,H4,0.0
Frequency 16,3,UM2|US1|UM1,8,49.58,995.7142857142856,0.5009413565810427,0.0062,0.25,USDCHF,H4,0.25
Frequency 17,3,US1|UM1|UM2,8,48.45,896.2857142857143,1.1439624407574556,0.1574,0.75,USDCHF,H4,0.25
Frequency 18,3,UM2|US2|UM2,8,50.19,897.4285714285714,0.7495000596242044,-0.0022,0.5,USDCHF,H4,0.0
Frequency 19,3,UM1|DL3|DM1,8,-48.45,676.2857142857143,0.5232317719968245,0.2348,0.75,USDCHF,H4,0.25
Frequency 20,3,DM2|UM1|US1,8,37.91,831.7142857142857,0.6332852240512418,0.2719,0.625,USDCHF,H4,0.125
Frequency 21,3,DS2|UM2|US1,8,49.08,765.4285714285714,0.7380707187389669,-0.0876,0.375,USDCHF,H4,0.125
Frequency 22,3,UM1|UM3|UM1,8,49.29,758.2857142857143,1.083632061818091,-0.052,0.5,USDCHF,H4,0.0
Frequency 23,3,US1|UM2|UM1,8,49.53,793.7142857142857,0.6263908529095579,-0.1381,0.5,USDCHF,H4,0.0
Frequency 24,3,UM1|US2|DM2,8,-16.45,547.7142857142857,0.6713320145811431,-0.3315,0.375,USDCHF,H4,0.125
Frequency 25,3,UM2|DM2|US2,7,-33.16,1235.5,0.4200041556931228,0.1641,0.7142857142857143,USDCHF,H4,0.2142857142857143
Frequency 26,3,US1|UM2|US2,7,50.09,836.8333333333334,0.8615461149323154,0.1829,0.8571428571428571,USDCHF,H4,0.3571428571428571
Frequency 27,3,UL2|DS2|UM2,7,20.02,992.8333333333334,0.8470154633080644,-0.1777,0.2857142857142857,USDCHF,H4,0.2142857142857143
Frequency 28,3,US2|DS1|DM2,7,-48.92,1111.1666666666667,0.8785950874193487,0.1826,0.5714285714285714,USDCHF,H4,0.0714285714285714
Frequency 29,3,UM2|DS1|US1,7,-18.51,763.0,0.4290394410260817,0.2224,0.7142857142857143,USDCHF,H4,0.2142857142857143
Frequency 30,3,DS2|DM1|DM2,7,-49.56,1058.0,0.7754805372894618,0.0021,0.5714285714285714,USDCHF,H4,0.0714285714285714
Frequency 31,3,UM2|UM2|UM1,7,49.9,1067.5,0.9221018569626596,-0.0042,0.2857142857142857,USDCHF,H4,0.2142857142857143
Frequency 32,3,UL3|UM2|UM2,7,49.82,1076.1666666666667,0.9514884845045128,-0.0196,0.5714285714285714,USDCHF,H4,0.0714285714285714
Frequency 33,3,UM2|UM1|DM1,7,11.91,1040.3333333333333,0.9866957875976956,0.0163,0.4285714285714285,USDCHF,H4,0.07142857142857151
Frequency 34,3,UM3|DM3|DM3,7,-50.66,1003.6666666666666,0.6798365283855665,-0.437,0.2857142857142857,USDCHF,H4,0.2142857142857143
Frequency 35,3,DM2|UM1|UM2,7,49.87,1099.1666666666667,0.9489882568681316,-0.115,0.4285714285714285,USDCHF,H4,0.07142857142857151
Frequency 36,3,DS1|UM2|US2,7,48.72,1048.0,1.199244901599823,-0.1536,0.2857142857142857,USDCHF,H4,0.2142857142857143
Frequency 37,3,US2|UM1|US1,7,36.83,1040.6666666666667,0.932255061062016,0.1766,0.7142857142857143,USDCHF,H4,0.2142857142857143
Frequency 38,3,UM2|UM3|UM1,7,49.16,607.0,0.8552384192120642,0.0381,0.7142857142857143,USDCHF,H4,0.2142857142857143
Frequency 39,3,UM1|UM2|US2,7,50.25,911.8333333333334,0.7656325345930463,-0.2049,0.1428571428571428,USDCHF,H4,0.3571428571428572
Frequency 40,3,DM1|DM2|UM3,7,13.39,818.1666666666666,0.8528024385481292,-0.1106,0.4285714285714285,USDCHF,H4,0.07142857142857151
Frequency 41,3,DM1|DS1|UM1,7,31.13,810.6666666666666,0.5542073740897884,-0.3615,0.4285714285714285,USDCHF,H4,0.07142857142857151
Frequency 42,3,DS1|DS1|UM2,7,43.85,867.8333333333334,0.5416805499974238,0.1902,0.7142857142857143,USDCHF,H4,0.2142857142857143
Frequency 43,3,UM3|DM2|UM2,6,-13.68,1239.8,0.562227233373336,-0.1118,0.3333333333333333,USDCHF,H4,0.16666666666666669
Frequency 44,3,DL2|DM1|UM2,6,21.58,1374.8,0.6364349138129819,0.2181,0.8333333333333334,USDCHF,H4,0.33333333333333337
Frequency 45,3,NM1|DM3|UM3,6,-5.54,1402.2,0.9396811774427176,-0.0173,0.5,USDCHF,H4,0.0
Frequency 46,3,UM3|US1|DM2,6,-41.05,1263.8,0.6685731098922494,-0.0612,0.5,USDCHF,H4,0.0
Frequency 47,3,DM2|US2|UM2,6,49.8,1294.0,0.8175349029606428,0.1451,0.6666666666666666,USDCHF,H4,0.16666666666666663
Frequency 48,3,DM1|US1|UM2,6,49.41,1402.2,1.0513453953494916,0.2661,0.8333333333333334,USDCHF,H4,0.33333333333333337
Frequency 49,3,UM2|UL2|UM2,6,50.07,1133.6,0.3115757454114327,-0.1315,0.5,USDCHF,H4,0.0
Frequency 50,3,DM2|UM2|DM1,6,41.35,1130.2,0.5897129984757521,-0.0358,0.5,USDCHF,H4,0.0
Frequency 51,3,US2|UM2|DM1,6,32.04,1380.2,0.8409386320098171,0.1666,0.6666666666666666,USDCHF,H4,0.16666666666666663
Frequency 52,3,UM2|DM3|UM1,6,-39.65,1371.0,1.6020308545064257,-0.1265,0.5,USDCHF,H4,0.0
Frequency 53,3,UM1|UM1|US1,6,30.92,1387.4,0.5224540163458223,-0.2357,0.3333333333333333,USDCHF,H4,0.16666666666666669
Frequency 54,3,DM2|UM3|UM2,6,50.49,1394.0,1.164684638826909,0.0902,0.5,USDCHF,H4,0.0
Frequency 55,3,DM3|US2|US2,6,49.64,1442.8,0.7946819515594418,-0.269,0.5,USDCHF,H4,0.0
Frequency 56,3,UM3|DM3|UM2,6,-25.82,1286.6,0.9000617496966232,0.1197,0.6666666666666666,USDCHF,H4,0.16666666666666663
Frequency 57,3,US1|UL2|UM2,6,50.41,1401.8,0.695994652875691,0.0467,0.8333333333333334,USDCHF,H4,0.33333333333333337
Frequency 58,3,UM2|US2|UM3,6,49.97,1139.8,1.0474246925088675,-0.1948,0.3333333333333333,USDCHF,H4,0.16666666666666669
Frequency 59,3,UM2|US2|DM1,6,8.46,1315.0,0.8814052358323241,0.0959,0.6666666666666666,USDCHF,H4,0.16666666666666663
Frequency 60,3,US1|UM1|US1,6,44.33,1140.8,0.6297852538747819,0.1494,0.5,USDCHF,H4,0.0
Frequency 61,3,DS1|DM2|UM1,6,-24.32,1232.4,0.5165318315339537,-0.0959,0.5,USDCHF,H4,0.0
Frequency 62,3,UM1|DM1|DM1,6,-50.46,1358.8,1.0013424935926811,-0.1029,0.3333333333333333,USDCHF,H4,0.16666666666666669
Frequency 63,3,US2|DS2|DM1,6,-50.44,672.0,0.6398248868018304,-0.0312,0.3333333333333333,USDCHF,H4,0.16666666666666669
Frequency 64,3,UM3|DS1|DS1,6,-50.1,984.4,0.720411057198793,0.1029,0.6666666666666666,USDCHF,H4,0.16666666666666663
Frequency 65,3,DM2|UM2|DM3,6,-18.91,1258.6,0.8885166148577295,0.1505,0.6666666666666666,USDCHF,H4,0.16666666666666663
Frequency 66,3,UM1|UM2|US1,6,19.66,1034.4,0.5981077581429146,0.1662,0.5,USDCHF,H4,0.0
Frequency 67,3,US1|DM2|DM2,6,-50.52,1317.2,0.9810408267282934,-0.0529,0.6666666666666666,USDCHF,H4,0.16666666666666663
Frequency 68,3,UM1|UM2|DS2,6,29.51,1305.2,1.358026289111384,-0.0023,0.3333333333333333,USDCHF,H4,0.16666666666666669
Frequency 69,3,US1|UM2|DM1,6,36.11,1223.2,0.6419981601191687,0.2759,0.6666666666666666,USDCHF,H4,0.16666666666666663
Frequency 70,3,UM1|US2|UM2,6,34.37,864.0,0.6425635733654582,0.1162,0.6666666666666666,USDCHF,H4,0.16666666666666663
Frequency 71,3,DM1|DM2|UM1,6,-30.7,1018.2,0.7446026746895459,0.0242,0.5,USDCHF,H4,0.0
Frequency 72,3,US2|US1|UM1,6,35.74,1288.4,1.2667971817484696,0.1281,0.6666666666666666,USDCHF,H4,0.16666666666666663
Frequency 73,3,UM2|UM1|DM2,6,-30.47,1243.6,0.9791160964809504,0.0012,0.5,USDCHF,H4,0.0
Frequency 74,3,DM1|US2|UM3,6,48.34,1086.0,0.7998309125393406,0.0316,0.5,USDCHF,H4,0.0
Frequency 75,3,US2|US2|DM3,6,-39.98,1060.6,0.9702788627965,0.0963,0.6666666666666666,USDCHF,H4,0.16666666666666663
Frequency 76,3,DS1|DS1|DS1,6,-49.98,1255.2,0.6707262392227515,0.255,0.8333333333333334,USDCHF,H4,0.33333333333333337
Frequency 77,3,DS1|DS1|DM2,6,-49.36,916.8,0.958281811184524,-0.0633,0.6666666666666666,USDCHF,H4,0.16666666666666663
Frequency 78,3,DS1|US1|US1,6,-3.74,822.0,1.0931665259415793,-0.0934,0.6666666666666666,USDCHF,H4,0.16666666666666663
Frequency 79,3,UM1|UL2|UM1,6,48.8,1163.8,0.486297900260181,0.1059,0.6666666666666666,USDCHF,H4,0.16666666666666663
Frequency 80,3,DS2|UM1|US2,6,39.96,1246.2,0.6846822767813111,-0.2169,0.3333333333333333,USDCHF,H4,0.16666666666666669
Frequency 81,3,UM1|DM1|DM2,6,-49.28,1008.4,0.91132746069989,0.0566,0.6666666666666666,USDCHF,H4,0.16666666666666663
Frequency 82,3,DS1|DM2|DL2,6,-50.1,479.8,0.952998965759148,-0.1413,0.6666666666666666,USDCHF,H4,0.16666666666666663
Frequency 83,3,DL3|DM1|UM1,6,-12.01,890.8,0.6366003103429997,0.1702,0.6666666666666666,USDCHF,H4,0.16666666666666663
Frequency 84,3,US1|DM1|DM1,6,-50.43,1137.8,0.867640158592764,0.2177,0.8333333333333334,USDCHF,H4,0.33333333333333337
Frequency 85,3,DM2|UL2|DS2,6,34.14,1071.6,0.6944699078143067,-0.0799,0.3333333333333333,USDCHF,H4,0.16666666666666669
Frequency 86,3,DS1|UM2|DS1,6,27.18,1066.8,1.0593713981766486,-0.258,0.1666666666666666,USDCHF,H4,0.33333333333333337
Frequency 87,3,DL2|DL3|DM2,6,-49.29,874.8,0.9563248143752922,-0.0182,0.3333333333333333,USDCHF,H4,0.16666666666666669
Frequency 88,3,DL3|UM2|DS2,6,25.74,847.2,0.8553780853988318,0.0318,0.6666666666666666,USDCHF,H4,0.16666666666666663
Frequency 89,3,UM2|US2|UM1,6,45.77,956.4,0.5561022806070705,-0.0827,0.3333333333333333,USDCHF,H4,0.16666666666666669
Frequency 90,3,US2|UM2|UM3,6,49.02,932.4,0.5532914846684593,0.0108,0.6666666666666666,USDCHF,H4,0.16666666666666663
Frequency 91,3,DS1|DS2|US1,6,-18.66,614.4,0.9497761914486872,0.1004,0.6666666666666666,USDCHF,H4,0.16666666666666663
Frequency 92,3,UM2|DS3|UM2,6,6.29,583.2,0.2889105128840183,-0.134,0.3333333333333333,USDCHF,H4,0.16666666666666669
Frequency 93,3,UM2|DM3|US2,6,-40.08,830.2,1.0494945788367829,0.1776,0.6666666666666666,USDCHF,H4,0.16666666666666663
Frequency 94,3,US2|DM2|DM1,6,-49.83,878.4,0.6366258653195409,0.1801,0.8333333333333334,USDCHF,H4,0.33333333333333337
Frequency 95,3,UM2|DS1|DM1,6,-50.11,793.6,0.5364698303443233,-0.1006,0.6666666666666666,USDCHF,H4,0.16666666666666663
Frequency 96,3,DS2|UM2|US2,6,50.19,587.2,1.3328655457324607,-0.0968,0.3333333333333333,USDCHF,H4,0.16666666666666669
Frequency 97,3,DM1|UM2|DM2,6,12.7,585.2,0.6893280830746663,-0.052,0.6666666666666666,USDCHF,H4,0.16666666666666663
Frequency 98,3,UM2|DS1|UM1,6,20.94,536.0,0.973296416544088,-0.0453,0.5,USDCHF,H4,0.0
Frequency 1,3,DM2|UM2|UM2,16,48.69,464.8666666666667,0.680983549251834,0.023,0.6875,AUDUSD,H4,0.1875
Frequency 2,3,UM2|UM2|DM1,15,32.5,505.2142857142857,0.6080851851750131,-0.1518,0.3333333333333333,AUDUSD,H4,0.16666666666666669
Frequency 3,3,UM2|DM2|UM2,15,-6.75,456.7857142857143,0.5359192604586326,0.1083,0.6,AUDUSD,H4,0.09999999999999998
Frequency 4,3,DM2|DM2|UM2,13,-5.28,599.3333333333334,0.6421406936544977,-0.3353,0.1538461538461538,AUDUSD,H4,0.3461538461538462
Frequency 5,3,UM1|UM2|UM1,13,35.95,511.8333333333333,0.983110008202806,-0.046,0.3076923076923077,AUDUSD,H4,0.1923076923076923
Frequency 6,3,DM2|UM1|DM1,13,-0.46,539.1666666666666,0.8297397455586609,-0.21,0.3076923076923077,AUDUSD,H4,0.1923076923076923
Frequency 7,3,UM3|UM2|UM2,12,50.65,636.4545454545455,0.8984568635401328,0.1997,0.75,AUDUSD,H4,0.25
Frequency 8,3,UM2|UM1|UM2,12,48.18,644.0909090909091,0.936973472074298,-0.0888,0.4166666666666667,AUDUSD,H4,0.08333333333333331
Frequency 9,3,DM1|DM2|UM1,12,-33.06,571.4545454545455,0.8109267977867753,-0.0298,0.5,AUDUSD,H4,0.0
Frequency 10,3,DM1|DM2|US1,11,-43.88,577.1,0.7175283435991927,-0.1472,0.3636363636363636,AUDUSD,H4,0.1363636363636364
Frequency 11,3,DM2|UM2|UM1,11,48.15,714.8,0.810465790874049,-0.1128,0.4545454545454545,AUDUSD,H4,0.045454545454545525
Frequency 12,3,DM2|UM3|UM2,10,50.2,823.1111111111111,1.016080169212487,-0.0851,0.4,AUDUSD,H4,0.09999999999999998
Frequency 13,3,DM2|DM1|UM3,10,39.42,780.6666666666666,1.0066296627030862,0.0552,0.6,AUDUSD,H4,0.09999999999999998
Frequency 14,3,US2|UM3|UM2,10,50.43,747.6666666666666,1.0847366576146706,0.1003,0.7,AUDUSD,H4,0.19999999999999996
Frequency 15,3,DM2|DM2|DM2,10,-50.65,605.5555555555555,1.397669661057632,0.1867,0.7,AUDUSD,H4,0.19999999999999996
Frequency 16,3,DM2|UM3|DM2,10,10.06,712.5555555555555,1.395677040200341,0.1054,0.5,AUDUSD,H4,0.0
Frequency 17,3,UM2|US2|UM2,10,46.3,729.5555555555555,0.8444285734567923,-0.1183,0.3,AUDUSD,H4,0.2
Frequency 18,3,DM1|DM1|DM2,10,-48.98,694.0,0.8738464144791982,-0.047,0.4,AUDUSD,H4,0.09999999999999998
Frequency 19,3,UM3|UM2|DM2,10,-20.93,566.7777777777778,0.8796835006960155,-0.1096,0.6,AUDUSD,H4,0.09999999999999998
Frequency 20,3,US2|UM2|UM2,9,50.05,737.75,1.1697067436446034,-0.0713,0.5555555555555556,AUDUSD,H4,0.05555555555555558
Frequency 21,3,DM1|DM2|UL3,9,39.84,899.625,0.903260786122036,0.0113,0.4444444444444444,AUDUSD,H4,0.05555555555555558
Frequency 22,3,UM3|US2|UM2,9,50.51,728.625,0.9130885833965904,-0.2407,0.2222222222222222,AUDUSD,H4,0.2777777777777778
Frequency 23,3,DM2|DM2|DM1,9,-49.88,888.875,0.7224963787025728,0.1831,0.6666666666666666,AUDUSD,H4,0.16666666666666663
Frequency 24,3,UM3|DM3|DM2,9,-50.42,799.5,1.190409301442807,-0.0035,0.6666666666666666,AUDUSD,H4,0.16666666666666663
Frequency 25,3,DM1|DM2|UM2,9,-12.9,780.375,0.5543303189027545,0.0495,0.5555555555555556,AUDUSD,H4,0.05555555555555558
Frequency 26,3,DM2|UM1|UL3,9,47.38,867.75,0.620477008118092,0.2187,0.6666666666666666,AUDUSD,H4,0.16666666666666663
Frequency 27,3,UM2|UM3|DM2,9,25.92,868.625,1.4318945638006024,0.0028,0.6666666666666666,AUDUSD,H4,0.16666666666666663
Frequency 28,3,DM1|DM2|DM2,9,-50.56,850.875,1.0476628085834618,-0.206,0.2222222222222222,AUDUSD,H4,0.2777777777777778
Frequency 29,3,UM1|DM1|DM2,9,-48.49,865.0,0.794860743688937,-0.0468,0.3333333333333333,AUDUSD,H4,0.16666666666666669
Frequency 30,3,UM2|UM2|DS1,9,41.63,825.125,0.5412347708969357,-0.0936,0.6666666666666666,AUDUSD,H4,0.16666666666666663
Frequency 31,3,DL3|UM2|US2,9,47.63,552.875,0.7825010225042388,0.2184,0.6666666666666666,AUDUSD,H4,0.16666666666666663
Frequency 32,3,US2|UM3|UM1,9,49.11,758.125,0.8184103929785268,0.0659,0.5555555555555556,AUDUSD,H4,0.05555555555555558
Frequency 33,3,US2|DM1|DM2,9,-49.53,588.0,0.9471800562739868,0.2366,0.6666666666666666,AUDUSD,H4,0.16666666666666663
Frequency 34,3,UM2|UM2|UM3,9,50.13,666.875,0.554333699074087,-0.0752,0.5555555555555556,AUDUSD,H4,0.05555555555555558
Frequency 35,3,UM2|UM2|DS2,9,31.0,585.125,0.924530886812535,-0.0465,0.5555555555555556,AUDUSD,H4,0.05555555555555558
Frequency 36,3,DM2|DS2|UM2,8,2.54,1090.0,1.0820203199911989,-0.0473,0.4285714285714285,AUDUSD,H4,0.07142857142857151
Frequency 37,3,DS2|UM1|DM2,8,-34.28,898.7142857142857,0.6503800326771746,-0.1196,0.5,AUDUSD,H4,0.0
Frequency 38,3,DM2|UM1|UM2,8,49.62,1045.428571428571,0.9800977019471274,-0.152,0.5,AUDUSD,H4,0.0
Frequency 39,3,UM2|UM3|UM2,8,50.25,1009.7142857142856,0.5880283400893495,-0.2742,0.625,AUDUSD,H4,0.125
Frequency 40,3,DM1|UM3|UM2,8,50.3,1003.7142857142856,0.7875689319434809,-0.0106,0.5,AUDUSD,H4,0.0
Frequency 41,3,UM2|UM1|DM2,8,-32.85,975.8571428571428,0.8423623067901277,0.1038,0.375,AUDUSD,H4,0.125
Frequency 42,3,UM1|DM2|UM1,8,-30.23,951.2857142857144,0.4210064755228364,-0.0187,0.5,AUDUSD,H4,0.0
Frequency 43,3,DM3|DM2|DM2,8,-50.61,857.2857142857143,0.8432910333867271,-0.1014,0.625,AUDUSD,H4,0.125
Frequency 44,3,UM3|UM2|UM1,8,49.91,692.0,0.9975387724902938,-0.2022,0.5,AUDUSD,H4,0.0
Frequency 45,3,DM1|UM2|DM3,8,-24.8,1042.428571428571,0.8896788752793153,-0.1019,0.625,AUDUSD,H4,0.125
Frequency 46,3,UM3|DM2|UM3,8,25.05,917.1428571428572,1.535525647958218,0.2857,0.75,AUDUSD,H4,0.25
Frequency 47,3,DM2|UM2|DL3,8,-34.98,866.4285714285714,1.160720508260956,0.1285,0.625,AUDUSD,H4,0.125
Frequency 48,3,UM2|DM2|DM3,8,-50.34,793.1428571428571,0.6084175576369111,0.123,0.75,AUDUSD,H4,0.25
Frequency 49,3,DM2|UM2|DS2,8,22.18,926.8571428571428,0.877576314984065,-0.1093,0.375,AUDUSD,H4,0.125
Frequency 50,3,UM1|DM2|DM1,8,-49.38,947.8571428571428,0.6398555471533753,-0.2541,0.125,AUDUSD,H4,0.375
Frequency 51,3,UL3|US1|UM3,8,48.01,953.1428571428572,1.1233607876474896,0.019,0.625,AUDUSD,H4,0.125
Frequency 52,3,UM3|DM2|DM1,8,-49.34,925.8571428571428,0.9011426961750926,-0.1118,0.5,AUDUSD,H4,0.0
Frequency 53,3,DM1|US2|UM2,8,39.91,949.4285714285714,0.8868245459773518,0.2646,0.75,AUDUSD,H4,0.25
Frequency 54,3,UM3|DL3|DM1,8,-48.43,672.7142857142857,0.6477131684840894,0.014,0.625,AUDUSD,H4,0.125
Frequency 55,3,US1|UM1|UM2,8,49.75,940.5714285714286,0.8134817404035587,0.2505,0.625,AUDUSD,H4,0.125
Frequency 56,3,US2|UM2|DM2,8,-23.56,927.1428571428572,0.7470357088381521,-0.0489,0.5,AUDUSD,H4,0.0
Frequency 57,3,UM2|DS1|DM2,8,-48.57,932.0,0.9611371115772648,0.1223,0.625,AUDUSD,H4,0.125
Frequency 58,3,DM2|DM1|DM1,8,-50.53,820.1428571428571,0.5332447649035631,-0.0744,0.375,AUDUSD,H4,0.125
Frequency 59,3,DM2|UM1|UL2,8,48.96,936.1428571428572,0.7241425135187824,-0.0182,0.375,AUDUSD,H4,0.125
Frequency 60,3,US1|UM3|DM2,8,1.85,799.0,1.0657472649052029,0.3751,0.875,AUDUSD,H4,0.375
Frequency 61,3,UM2|DM2|UM1,8,-34.49,823.0,0.9926992945958698,-0.114,0.25,AUDUSD,H4,0.25
Frequency 62,3,DS1|UM2|DM2,8,-4.97,730.7142857142857,1.0739104901355774,-0.0373,0.5,AUDUSD,H4,0.0
Frequency 63,3,UM3|DM3|UM1,8,-41.06,833.2857142857143,0.9977058461400912,0.3246,0.625,AUDUSD,H4,0.125
Frequency 64,3,US1|UM2|UM2,8,50.63,509.1428571428572,0.4599776209510853,0.0999,0.75,AUDUSD,H4,0.25
Frequency 65,3,DM3|DM1|UM1,8,-0.62,536.0,0.9522500016051856,-0.0141,0.625,AUDUSD,H4,0.125
Frequency 66,3,UM1|DM2|DL2,8,-50.39,830.2857142857143,0.6357039496623643,0.2064,0.875,AUDUSD,H4,0.375
Frequency 67,3,DM2|DM1|DM2,8,-49.43,765.7142857142857,0.6327393948467607,-0.1594,0.5,AUDUSD,H4,0.0
Frequency 68,3,UM2|DM2|DM2,8,-50.7,775.0,0.7076929102655171,-0.0909,0.5,AUDUSD,H4,0.0
Frequency 69,3,UM3|DM1|DM2,8,-50.16,717.5714285714286,0.6616545760995687,-0.3314,0.75,AUDUSD,H4,0.25
Frequency 70,3,UM2|DM2|DM1,8,-49.69,672.7142857142857,0.7929960768762999,-0.0341,0.375,AUDUSD,H4,0.125
Frequency 71,3,US1|US1|UM2,8,47.75,492.4285714285714,0.8178155236292268,0.144,0.5,AUDUSD,H4,0.0
Frequency 72,3,UM3|DM2|UM2,7,-1.78,1060.1666666666667,0.9900705979942024,0.0176,0.2857142857142857,AUDUSD,H4,0.2142857142857143
Frequency 73,3,UM2|DM1|DM3,7,-48.91,1100.3333333333333,1.3302217341564193,-0.0393,0.4285714285714285,AUDUSD,H4,0.07142857142857151
Frequency 74,3,DM2|DM2|UM1,7,-29.68,878.0,0.9219342312628832,0.2098,0.8571428571428571,AUDUSD,H4,0.3571428571428571
Frequency 75,3,DM2|UM2|DM2,7,1.16,1190.6666666666667,0.3325304603896816,-0.1359,0.4285714285714285,AUDUSD,H4,0.07142857142857151
Frequency 76,3,UM2|DM2|UM3,7,15.76,1045.1666666666667,1.273386621542133,-0.3594,0.0,AUDUSD,H4,0.5
Frequency 77,3,UM1|DM1|UM3,7,36.57,1075.5,1.0555020529849208,-0.0235,0.4285714285714285,AUDUSD,H4,0.07142857142857151
Frequency 78,3,DS1|UM3|UM2,7,50.42,876.1666666666666,0.6272211284794554,-0.1743,0.5714285714285714,AUDUSD,H4,0.0714285714285714
Frequency 79,3,UM2|DS2|UM1,7,-27.79,1011.8333333333334,0.6640352020654438,-0.0113,0.7142857142857143,AUDUSD,H4,0.2142857142857143
Frequency 80,3,UM2|US1|UM3,7,49.12,1048.5,0.7931040058253761,0.263,0.5714285714285714,AUDUSD,H4,0.0714285714285714
Frequency 81,3,UM3|DM1|UM2,7,26.79,1019.6666666666666,1.1756855998558282,-0.0778,0.5714285714285714,AUDUSD,H4,0.0714285714285714
Frequency 82,3,UL3|DM2|UM1,7,-28.69,1200.6666666666667,0.7634647922871115,0.3582,0.7142857142857143,AUDUSD,H4,0.2142857142857143
Frequency 83,3,UM2|US1|UM2,7,48.26,1079.8333333333333,0.2665306003559322,-0.0456,0.5714285714285714,AUDUSD,H4,0.0714285714285714
Frequency 84,3,UM2|UM2|US1,7,49.0,1119.8333333333333,0.9593900221913082,-0.2081,0.4285714285714285,AUDUSD,H4,0.07142857142857151
Frequency 85,3,DM2|US1|UM3,7,41.74,808.6666666666666,0.8449548569898279,0.108,0.4285714285714285,AUDUSD,H4,0.07142857142857151
Frequency 86,3,UM2|DM1|DL2,7,-48.8,823.0,0.8704487512031633,0.1984,0.7142857142857143,AUDUSD,H4,0.2142857142857143
Frequency 87,3,UM3|DM2|UM1,7,-33.95,1093.6666666666667,1.31245638873438,-0.0087,0.4285714285714285,AUDUSD,H4,0.07142857142857151
Frequency 88,3,UM1|UM2|UM2,7,50.64,1142.8333333333333,1.0393364496977289,0.1978,0.5714285714285714,AUDUSD,H4,0.0714285714285714
Frequency 89,3,UM2|DS1|UM2,7,38.85,1069.3333333333333,0.717530130291627,0.1128,0.5714285714285714,AUDUSD,H4,0.0714285714285714
Frequency 90,3,UM2|UM1|UL2,7,45.03,1044.0,0.8722882996817222,-0.059,0.2857142857142857,AUDUSD,H4,0.2142857142857143
Frequency 91,3,DM1|DS1|UM2,7,28.17,949.6666666666666,1.0150439806646483,0.149,0.5714285714285714,AUDUSD,H4,0.0714285714285714
Frequency 92,3,US1|UM3|DM3,7,-11.37,997.1666666666666,0.9083428169422656,0.1047,0.7142857142857143,AUDUSD,H4,0.2142857142857143
Frequency 93,3,UM1|UM2|DM1,7,34.95,1136.1666666666667,0.5533524618700317,-0.2133,0.4285714285714285,AUDUSD,H4,0.07142857142857151
Frequency 94,3,UM1|DM2|UM2,7,7.1,1100.6666666666667,0.8772544367758998,0.1583,0.7142857142857143,AUDUSD,H4,0.2142857142857143
Frequency 95,3,DS1|DM2|US1,7,-41.05,1088.6666666666667,0.4487011478573118,0.1765,0.5714285714285714,AUDUSD,H4,0.0714285714285714
Frequency 96,3,UM2|UM2|UM2,7,49.11,1102.5,0.7744492882450376,0.0761,0.7142857142857143,AUDUSD,H4,0.2142857142857143
Frequency 97,3,DM2|UM2|US2,7,50.29,1128.3333333333333,0.8842136820474448,-0.3201,0.0,AUDUSD,H4,0.5
Frequency 98,3,US1|DM2|UM1,7,-34.72,1088.6666666666667,1.1789480281941838,0.0434,0.5714285714285714,AUDUSD,H4,0.0714285714285714
Frequency 99,3,UM1|DM1|UM1,7,-1.15,1095.0,0.7324572881007311,0.2444,0.4285714285714285,AUDUSD,H4,0.07142857142857151
Frequency 100,3,UM3|UM1|DM2,7,-40.13,1012.5,0.5959661859216321,-0.2039,0.5714285714285714,AUDUSD,H4,0.0714285714285714
Frequency 101,3,DS1|UM1|DM2,7,-40.97,1092.6666666666667,1.0651311229389375,-0.207,0.4285714285714285,AUDUSD,H4,0.07142857142857151
Frequency 102,3,US1|UM2|DL3,7,-40.52,1035.5,0.9500194902118976,0.0324,0.4285714285714285,AUDUSD,H4,0.07142857142857151
Frequency 103,3,DM1|DM2|DM1,7,-50.26,1034.0,0.7935614153476821,0.0935,0.5714285714285714,AUDUSD,H4,0.0714285714285714
Frequency 104,3,DM2|DM1|UM2,7,12.74,882.6666666666666,0.6023930027418773,-0.1426,0.5714285714285714,AUDUSD,H4,0.0714285714285714
Frequency 105,3,DS1|UM2|UM2,7,47.32,853.6666666666666,0.7594482791803445,-0.1135,0.5714285714285714,AUDUSD,H4,0.0714285714285714
Frequency 106,3,UM2|UM2|DM2,7,-9.5,913.0,1.180690377864367,0.0737,0.7142857142857143,AUDUSD,H4,0.2142857142857143
Frequency 107,3,US2|UM2|DM3,7,-30.75,823.8333333333334,0.6500636332944058,0.0064,0.7142857142857143,AUDUSD,H4,0.2142857142857143
Frequency 108,3,UM2|DM3|DM1,7,-48.74,545.5,0.604275888884711,-0.259,0.5714285714285714,AUDUSD,H4,0.0714285714285714
Frequency 109,3,UM2|DM1|DM2,7,-50.0,947.0,0.7584859077893693,-0.3803,0.2857142857142857,AUDUSD,H4,0.2142857142857143
Frequency 110,3,UM2|DM1|UM2,7,38.36,780.8333333333334,1.049770971112393,0.1647,0.7142857142857143,AUDUSD,H4,0.2142857142857143
Frequency 111,3,UM3|DM2|UL3,7,40.67,706.5,1.4084714035620942,-0.0981,0.4285714285714285,AUDUSD,H4,0.07142857142857151
Frequency 112,3,DM3|DM2|DM1,7,-49.89,701.5,1.2032717419039411,0.0537,0.7142857142857143,AUDUSD,H4,0.2142857142857143
Frequency 113,3,UM2|DM1|DM1,7,-37.17,562.3333333333334,0.530110475077862,-0.1112,0.5714285714285714,AUDUSD,H4,0.0714285714285714
Frequency 114,3,UM2|UM3|DM1,7,35.49,598.1666666666666,0.7922239983672702,-0.1348,0.2857142857142857,AUDUSD,H4,0.2142857142857143
Frequency 115,3,US1|UM2|DM1,7,15.26,468.3333333333333,0.7322190102822763,0.181,0.5714285714285714,AUDUSD,H4,0.0714285714285714
Frequency 116,3,DM2|UM2|DL2,6,-16.18,1465.2,0.4646434170423532,0.1345,0.6666666666666666,AUDUSD,H4,0.16666666666666663
Frequency 117,3,DM2|UM3|UM1,6,48.92,1418.6,0.5438467717887033,-0.3185,0.3333333333333333,AUDUSD,H4,0.16666666666666669
Frequency 118,3,UM3|UM1|UM1,6,50.2,1477.0,0.5936073929842509,0.0948,0.5,AUDUSD,H4,0.0
Frequency 119,3,UM1|DM2|DM2,6,-50.64,1370.4,0.8464345414736659,0.353,0.8333333333333334,AUDUSD,H4,0.33333333333333337
Frequency 120,3,US3|DM2|DM2,6,-50.68,1504.6,0.6494187618790883,-0.0464,0.3333333333333333,AUDUSD,H4,0.16666666666666669
Frequency 121,3,DS1|UM3|UM1,6,48.79,1220.2,0.6256949349070258,-0.0501,0.5,AUDUSD,H4,0.0
Frequency 122,3,UM3|UM2|DS1,6,39.76,1409.2,0.9683140710773438,0.0579,0.5,AUDUSD,H4,0.0
Frequency 123,3,UM2|UM2|NS1,6,42.76,1274.2,0.7465260609467932,-0.1916,0.5,AUDUSD,H4,0.0
Frequency 124,3,UM2|DS2|UM3,6,2.52,1455.4,0.9115051727121142,0.0574,0.6666666666666666,AUDUSD,H4,0.16666666666666663
Frequency 125,3,DM3|UM1|UM2,6,49.32,1052.8,0.5209915634100126,0.0443,0.6666666666666666,AUDUSD,H4,0.16666666666666663
Frequency 126,3,US1|UM3|DM1,6,27.32,1273.2,0.380654505589532,0.3206,0.8333333333333334,AUDUSD,H4,0.33333333333333337
Frequency 127,3,DM1|DL3|UL2,6,-30.3,1365.6,0.2372441540012799,0.0701,0.5,AUDUSD,H4,0.0
Frequency 128,3,UM2|UM1|DM1,6,-6.83,1194.8,0.7224684320831718,0.0779,0.6666666666666666,AUDUSD,H4,0.16666666666666663
Frequency 129,3,DS1|DM2|UM2,6,-1.76,1007.0,1.0838415311220757,0.1853,0.6666666666666666,AUDUSD,H4,0.16666666666666663
Frequency 130,3,UM1|DM1|DM3,6,-49.71,1409.6,0.7253346543502742,0.0198,0.6666666666666666,AUDUSD,H4,0.16666666666666663
Frequency 131,3,DM1|DM3|UM1,6,-42.55,1415.6,0.7975119071231898,0.2325,0.5,AUDUSD,H4,0.0
Frequency 132,3,DM1|UM2|UM2,6,50.72,1411.2,1.0369729931293266,-0.0078,0.3333333333333333,AUDUSD,H4,0.16666666666666669
Frequency 133,3,DM2|DM2|UM3,6,23.42,1401.6,0.7551633028130227,-0.2812,0.3333333333333333,AUDUSD,H4,0.16666666666666669
Frequency 134,3,UM1|UM2|DM2,6,-2.16,973.4,0.8915096628983903,0.0159,0.3333333333333333,AUDUSD,H4,0.16666666666666669
Frequency 135,3,DM3|DM2|UM2,6,-1.27,1254.6,1.0501629642574848,-0.0017,0.5,AUDUSD,H4,0.0
Frequency 136,3,UM1|DS1|UM2,6,23.81,855.6,1.2609386841561645,0.0013,0.6666666666666666,AUDUSD,H4,0.16666666666666663
Frequency 137,3,NM1|DM2|UM2,6,-12.68,1022.4,1.0385414741329948,-0.0254,0.3333333333333333,AUDUSD,H4,0.16666666666666669
Frequency 138,3,UM2|UM3|UM1,6,49.2,1009.2,0.4351473700291295,0.1494,0.5,AUDUSD,H4,0.0
Frequency 139,3,UM2|DM1|US2,6,-4.7,822.8,0.5119525601395922,-0.3663,0.3333333333333333,AUDUSD,H4,0.16666666666666669
Frequency 140,3,DM2|US1|DS2,6,-24.54,1139.6,0.8055864486787894,0.0121,0.6666666666666666,AUDUSD,H4,0.16666666666666663
Frequency 141,3,DM1|DM1|UM2,6,6.81,1240.6,0.8417056385062962,-0.2859,0.3333333333333333,AUDUSD,H4,0.16666666666666669
Frequency 142,3,DM3|UM3|DM2,6,3.46,1103.6,0.6304811471212899,0.2043,0.6666666666666666,AUDUSD,H4,0.16666666666666663
Frequency 143,3,UM1|DM3|UM1,6,-44.07,1205.4,0.5350092735375774,0.123,0.6666666666666666,AUDUSD,H4,0.16666666666666663
Frequency 144,3,UM2|DM3|DM2,6,-50.45,1338.4,0.5368649696882326,0.4641,0.5,AUDUSD,H4,0.0
Frequency 145,3,DM1|DM3|DM1,6,-49.19,859.4,0.8802031506534732,0.0425,0.5,AUDUSD,H4,0.0
Frequency 146,3,DM2|UM1|DS1,6,8.87,1226.8,1.1027670592906325,-0.5136,0.3333333333333333,AUDUSD,H4,0.16666666666666669
Frequency 147,3,UM1|DM1|UM2,6,26.67,1278.6,1.089105170042009,-0.18,0.3333333333333333,AUDUSD,H4,0.16666666666666669
Frequency 148,3,UM1|DM3|DM2,6,-50.26,1167.8,0.6401804035131082,0.0438,0.6666666666666666,AUDUSD,H4,0.16666666666666663
Frequency 149,3,UM3|US1|DM2,6,-38.67,1085.4,0.8246215838047642,-0.1957,0.3333333333333333,AUDUSD,H4,0.16666666666666669
Frequency 150,3,US1|UM3|UM1,6,49.05,1089.6,1.0222789515478563,0.0599,0.3333333333333333,AUDUSD,H4,0.16666666666666669
Frequency 151,3,UM2|NM1|DM2,6,-46.47,887.4,0.7589574090041004,0.042,0.5,AUDUSD,H4,0.0
Frequency 152,3,UM3|DM3|DM1,6,-49.14,1054.8,0.6865435281951618,-0.1332,0.3333333333333333,AUDUSD,H4,0.16666666666666669
Frequency 153,3,DM1|UM1|UM1,6,50.53,1152.6,0.6091827440642846,-0.3579,0.1666666666666666,AUDUSD,H4,0.33333333333333337
Frequency 154,3,UM1|UM2|DL3,6,-33.26,1023.4,0.3175124196274025,0.3085,0.6666666666666666,AUDUSD,H4,0.16666666666666663
Frequency 155,3,UM1|US2|DM1,6,3.14,1097.6,0.8503041780541121,0.1604,0.3333333333333333,AUDUSD,H4,0.16666666666666669
Frequency 156,3,UM2|UM2|UM1,6,50.0,918.2,0.7512364407866998,-0.0756,0.5,AUDUSD,H4,0.0
Frequency 157,3,DM2|UM2|DM1,6,31.01,1065.8,0.8036345696660292,0.107,0.6666666666666666,AUDUSD,H4,0.16666666666666663
Frequency 158,3,UM1|DM2|US1,6,-43.06,884.4,1.133863219998231,-0.1398,0.3333333333333333,AUDUSD,H4,0.16666666666666669
Frequency 159,3,DM1|US1|UM2,6,43.08,1046.2,0.3880383414623584,0.0514,0.5,AUDUSD,H4,0.0
Frequency 160,3,DM2|DL2|DM2,6,-50.35,1023.0,0.746842261246907,0.1044,0.5,AUDUSD,H4,0.0
Frequency 161,3,UM3|US1|DS1,6,-25.11,924.4,0.5495437772756188,-0.048,0.5,AUDUSD,H4,0.0
Frequency 162,3,DM1|UM2|DM2,6,-1.67,804.8,0.3208195635937133,-0.0354,0.5,AUDUSD,H4,0.0
Frequency 163,3,DL3|UM2|UM2,6,50.72,838.2,1.112760053024323,-0.0797,0.5,AUDUSD,H4,0.0
Frequency 164,3,US1|UM3|US1,6,48.25,631.4,0.6084812395109339,-0.1694,0.5,AUDUSD,H4,0.0
Frequency 165,3,DS2|DM1|UM1,6,-9.8,375.2,0.2525628880504489,-0.2485,0.1666666666666666,AUDUSD,H4,0.33333333333333337
Frequency 166,3,DM2|DM1|DS1,6,-49.17,662.0,0.8882293399957861,0.2481,0.6666666666666666,AUDUSD,H4,0.16666666666666663
Frequency 1,3,UM2|UM2|DM2,14,4.58,500.3076923076923,1.3386678151260327,0.1199,0.5,USDJPY,H4,0.0
Frequency 2,3,UM2|UM2|DS1,13,31.11,623.75,0.9463095043582602,0.0023,0.5384615384615384,USDJPY,H4,0.038461538461538436
Frequency 3,3,UM2|UM2|UM2,13,50.63,323.5,1.0163878985945844,-0.0661,0.5384615384615384,USDJPY,H4,0.038461538461538436
Frequency 4,3,UM2|DS1|UM3,12,34.22,657.7272727272727,0.7928467634585641,0.0451,0.6666666666666666,USDJPY,H4,0.16666666666666663
Frequency 5,3,UM1|UM2|UM1,12,41.51,644.1818181818181,0.8967468413248383,-0.0864,0.5,USDJPY,H4,0.0
Frequency 6,3,UM2|DM1|UM2,12,37.79,601.0,0.5619832382315029,-0.3852,0.25,USDJPY,H4,0.25
Frequency 7,3,UM2|US1|UM3,11,48.38,689.9,1.0539661896727153,0.1039,0.5454545454545454,USDJPY,H4,0.045454545454545414
Frequency 8,3,DM1|UM2|DM2,11,1.18,662.0,0.8856079490275601,0.0875,0.7272727272727273,USDJPY,H4,0.2272727272727273
Frequency 9,3,UM3|US1|UM2,11,48.44,575.0,1.2667294117713153,0.0466,0.6363636363636364,USDJPY,H4,0.13636363636363635
Frequency 10,3,UM3|UM2|UM2,11,50.6,645.5,0.817903445947012,-0.1411,0.3636363636363636,USDJPY,H4,0.1363636363636364
Frequency 11,3,UM2|UM2|US2,10,50.18,510.55555555555554,0.8553961381493106,0.093,0.7,USDJPY,H4,0.19999999999999996
Frequency 12,3,DM2|DM2|UM2,10,-2.03,711.7777777777778,1.321115884498712,0.0291,0.7,USDJPY,H4,0.19999999999999996
Frequency 13,3,UM2|UM2|UM1,10,49.4,762.4444444444445,0.9555120554567388,0.1179,0.8,USDJPY,H4,0.30000000000000004
Frequency 14,3,UM1|UM3|UM2,10,50.4,692.8888888888889,0.5219354877081215,-0.0125,0.5,USDJPY,H4,0.0
Frequency 15,3,US2|US2|US2,10,43.94,695.1111111111111,1.530189949917271,0.0919,0.8,USDJPY,H4,0.30000000000000004
Frequency 16,3,UM2|US1|DS1,9,2.77,941.125,0.7952460311865182,0.1029,0.6666666666666666,USDJPY,H4,0.16666666666666663
Frequency 17,3,UM3|DM1|UM2,9,31.03,898.0,0.9124800698522626,-0.0842,0.4444444444444444,USDJPY,H4,0.05555555555555558
Frequency 18,3,UM2|DM3|DM2,9,-50.25,845.125,1.1712280813536284,0.0725,0.5555555555555556,USDJPY,H4,0.05555555555555558
Frequency 19,3,DM2|UM1|UM1,9,50.38,659.375,0.6680439342233446,0.3494,0.7777777777777778,USDJPY,H4,0.2777777777777778
Frequency 20,3,DS2|UM2|US2,9,50.45,782.25,1.0165422684748266,-0.0808,0.2222222222222222,USDJPY,H4,0.2777777777777778
Frequency 21,3,DM1|UM1|DM1,9,-4.23,816.0,0.7869216942208722,0.0833,0.6666666666666666,USDJPY,H4,0.16666666666666663
Frequency 22,3,DM2|DM2|UM1,9,-37.18,756.125,1.1241936797855452,0.0575,0.4444444444444444,USDJPY,H4,0.05555555555555558
Frequency 23,3,DM2|UM3|UM2,9,50.51,718.0,0.900243042406257,0.5072,0.8888888888888888,USDJPY,H4,0.38888888888888884
Frequency 24,3,DL2|UM2|UM2,9,50.57,633.875,0.7089111525258599,0.0092,0.4444444444444444,USDJPY,H4,0.05555555555555558
Frequency 25,3,UL3|UM2|DS2,8,32.81,1044.142857142857,0.4536583933724934,-0.1706,0.625,USDJPY,H4,0.125
Frequency 26,3,UM2|DM2|US2,8,-27.61,914.2857142857144,0.5321234547487547,-0.1363,0.375,USDJPY,H4,0.125
Frequency 27,3,UM1|DM2|UM2,8,-9.95,1003.2857142857144,1.0310057741627103,-0.01,0.75,USDJPY,H4,0.25
Frequency 28,3,UM2|DM3|DM1,8,-49.25,998.4285714285714,0.6977100178985851,-0.2389,0.625,USDJPY,H4,0.125
Frequency 29,3,UM2|US2|UM3,8,49.54,963.5714285714286,1.1615043649389736,0.0845,0.625,USDJPY,H4,0.125
Frequency 30,3,DM1|UM2|UM2,8,50.7,1031.142857142857,0.8483962810969722,-0.5872,0.375,USDJPY,H4,0.125
Frequency 31,3,DM1|US1|UM2,8,47.76,994.1428571428572,0.7171217243716933,0.076,0.5,USDJPY,H4,0.0
Frequency 32,3,UM2|US1|UM2,8,48.97,733.2857142857143,0.788973741942888,0.0325,0.625,USDJPY,H4,0.125
Frequency 33,3,UM2|DS1|DM1,8,-49.28,995.1428571428572,0.8665596833535891,-0.2022,0.25,USDJPY,H4,0.25
Frequency 34,3,DM1|DM2|DM1,8,-49.93,854.8571428571429,1.3655130581464454,-0.0345,0.5,USDJPY,H4,0.0
Frequency 35,3,UM1|DM2|UM1,8,-33.51,933.0,0.9616821518939564,0.193,0.625,USDJPY,H4,0.125
Frequency 36,3,DM2|UM1|DL2,8,-41.68,735.4285714285714,0.9638484414003232,0.2498,0.75,USDJPY,H4,0.25
Frequency 37,3,DM2|UM1|DM2,8,-31.23,939.4285714285714,0.6603691769780121,0.3414,0.75,USDJPY,H4,0.25
Frequency 38,3,UM3|DS2|UM2,8,8.99,905.4285714285714,1.3686262048796214,-0.1778,0.25,USDJPY,H4,0.25
Frequency 39,3,UM2|DL3|UM2,8,-35.71,644.0,0.414509443931619,-0.0761,0.375,USDJPY,H4,0.125
Frequency 40,3,DM2|UM1|DM1,8,-12.31,853.0,0.8546069373164109,-0.0159,0.5,USDJPY,H4,0.0
Frequency 41,3,UM1|DM1|DM2,8,-49.23,748.4285714285714,0.3446844361503148,0.2009,0.5,USDJPY,H4,0.0
Frequency 42,3,UM1|UM1|UM2,8,49.66,904.0,0.8853333581239917,0.1835,0.625,USDJPY,H4,0.125
Frequency 43,3,DM3|UM2|UM2,8,50.67,670.1428571428571,1.0535017112909462,0.0469,0.5,USDJPY,H4,0.0
Frequency 44,3,DL2|DM2|UM1,8,-34.7,566.7142857142857,0.8148024846952682,0.0862,0.375,USDJPY,H4,0.125
Frequency 45,3,DS1|UM2|UM2,8,50.71,509.2857142857143,0.4353378348685376,-0.1658,0.25,USDJPY,H4,0.25
Frequency 46,3,US2|UM2|UM3,7,48.68,1191.3333333333333,0.6231975423665432,-0.0582,0.7142857142857143,USDJPY,H4,0.2142857142857143
Frequency 47,3,DM1|UL3|DM1,7,44.15,1173.0,0.9950833481820917,0.4999,0.7142857142857143,USDJPY,H4,0.2142857142857143
Frequency 48,3,UM2|UM3|UM3,7,50.63,692.5,0.4671227188184595,0.0858,0.5714285714285714,USDJPY,H4,0.0714285714285714
Frequency 49,3,UM3|UM3|UM2,7,50.54,1060.0,0.5368513082434385,0.1904,0.7142857142857143,USDJPY,H4,0.2142857142857143
Frequency 50,3,UM2|UM1|DM1,7,-1.87,1100.1666666666667,0.7027079062122635,0.0502,0.5714285714285714,USDJPY,H4,0.0714285714285714
Frequency 51,3,DS1|UM2|US1,7,48.71,1217.5,0.524422025487362,0.0309,0.5714285714285714,USDJPY,H4,0.0714285714285714
Frequency 52,3,UM3|DM2|DM2,7,-50.56,1167.6666666666667,1.378748352941198,0.0576,0.4285714285714285,USDJPY,H4,0.07142857142857151
Frequency 53,3,US1|UM2|UM1,7,49.43,994.1666666666666,0.6344854432310272,0.0693,0.5714285714285714,USDJPY,H4,0.0714285714285714
Frequency 54,3,US1|US1|UM2,7,48.36,1049.6666666666667,0.5174645710799027,0.1071,0.5714285714285714,USDJPY,H4,0.0714285714285714
Frequency 55,3,DM2|UM2|UM2,7,50.63,1117.0,0.9989342628171546,0.1263,0.7142857142857143,USDJPY,H4,0.2142857142857143
Frequency 56,3,UM2|DS1|DM2,7,-49.24,1084.5,0.604058276471533,0.0196,0.5714285714285714,USDJPY,H4,0.0714285714285714
Frequency 57,3,UM2|DM1|DM1,7,-50.47,1164.5,1.06302608562608,0.2614,0.7142857142857143,USDJPY,H4,0.2142857142857143
Frequency 58,3,UM2|UM1|DS1,7,21.72,1159.8333333333333,0.9397075912687568,-0.0836,0.4285714285714285,USDJPY,H4,0.07142857142857151
Frequency 59,3,DM1|UM1|UM2,7,48.94,1146.3333333333333,0.7987598724263804,-0.0301,0.7142857142857143,USDJPY,H4,0.2142857142857143
Frequency 60,3,UM2|US2|DS2,7,-1.42,1189.8333333333333,0.7907782568617742,0.1571,0.7142857142857143,USDJPY,H4,0.2142857142857143
Frequency 61,3,UM3|DM3|UM1,7,-42.8,1001.6666666666666,0.6774031523398939,0.0941,0.7142857142857143,USDJPY,H4,0.2142857142857143
Frequency 62,3,DM3|UM1|UM2,7,48.94,995.6666666666666,0.7604736268782805,0.233,0.8571428571428571,USDJPY,H4,0.3571428571428571
Frequency 63,3,UM2|UM3|DM2,7,6.28,1161.5,1.2447864502704904,-0.079,0.4285714285714285,USDJPY,H4,0.07142857142857151
Frequency 64,3,UM2|UM1|DM2,7,-33.6,1088.5,0.4250978844529208,0.0264,0.4285714285714285,USDJPY,H4,0.07142857142857151
Frequency 65,3,DM1|DM2|UM1,7,-34.64,958.5,1.4503764308021667,0.4787,0.7142857142857143,USDJPY,H4,0.2142857142857143
Frequency 66,3,DM1|UM2|DM1,7,32.31,1065.1666666666667,0.8217574054534721,0.1332,0.8571428571428571,USDJPY,H4,0.3571428571428571
Frequency 67,3,DM2|UM2|UM1,7,49.26,1053.1666666666667,1.4441008216179587,0.4361,0.8571428571428571,USDJPY,H4,0.3571428571428571
Frequency 68,3,UM2|DS1|US1,7,-35.61,1100.1666666666667,1.051052226640341,-0.1109,0.4285714285714285,USDJPY,H4,0.07142857142857151
Frequency 69,3,UM3|UM2|US1,7,49.34,1072.3333333333333,0.6544907844192206,0.2122,0.8571428571428571,USDJPY,H4,0.3571428571428571
Frequency 70,3,DM1|UM2|UL3,7,49.49,666.1666666666666,0.7849062572723428,-0.0203,0.4285714285714285,USDJPY,H4,0.07142857142857151
Frequency 71,3,UM2|UM2|US1,7,48.93,624.6666666666666,0.8686239475975207,-0.2954,0.2857142857142857,USDJPY,H4,0.2142857142857143
Frequency 72,3,DM1|DM2|UM2,7,0.52,935.0,1.350066768246319,-0.1224,0.5714285714285714,USDJPY,H4,0.0714285714285714
Frequency 73,3,DM1|DM1|DL2,7,-49.28,867.5,0.5969173756254156,-0.094,0.4285714285714285,USDJPY,H4,0.07142857142857151
Frequency 74,3,UM2|DM3|UM2,7,-17.64,415.5,0.6634277299806468,0.4227,0.8571428571428571,USDJPY,H4,0.3571428571428571
Frequency 75,3,UM2|UM2|DL3,6,-36.74,1414.4,1.281564376087407,0.1861,0.6666666666666666,USDJPY,H4,0.16666666666666663
Frequency 76,3,DL3|DM1|UM1,6,-11.58,1023.2,0.7871416657198157,0.0063,0.5,USDJPY,H4,0.0
Frequency 77,3,UM1|US2|DS1,6,24.37,934.6,1.2628945534791598,0.0344,0.6666666666666666,USDJPY,H4,0.16666666666666663
Frequency 78,3,UM1|UL3|UM2,6,49.51,1146.0,1.1039349750683998,-0.0603,0.5,USDJPY,H4,0.0
Frequency 79,3,US2|DS1|UM3,6,37.84,1478.4,0.3251362506546423,-0.276,0.1666666666666666,USDJPY,H4,0.33333333333333337
Frequency 80,3,DS1|UM3|DM2,6,24.57,847.4,1.085028335268089,-0.024,0.5,USDJPY,H4,0.0
Frequency 81,3,US2|UM2|DL3,6,-41.1,1308.4,1.0119383836098108,0.0305,0.5,USDJPY,H4,0.0
Frequency 82,3,DM2|DS1|DM2,6,-48.39,1244.8,1.0352653599062664,0.4188,0.8333333333333334,USDJPY,H4,0.33333333333333337
Frequency 83,3,UM1|UM2|UM3,6,50.21,1373.6,1.5484962112798497,0.0889,0.6666666666666666,USDJPY,H4,0.16666666666666663
Frequency 84,3,UM3|UM2|UM1,6,47.29,1433.4,1.156096489375921,-0.206,0.3333333333333333,USDJPY,H4,0.16666666666666669
Frequency 85,3,UM1|DM1|US1,6,-35.8,1146.8,0.8735469909542831,0.2008,0.6666666666666666,USDJPY,H4,0.16666666666666663
Frequency 86,3,DL3|UM1|UM1,6,29.44,1383.0,1.279829487191629,0.2576,1.0,USDJPY,H4,0.5
Frequency 87,3,UM1|DS1|UM2,6,42.05,1430.2,0.7697179785375332,0.0573,0.6666666666666666,USDJPY,H4,0.16666666666666663
Frequency 88,3,DL3|UM2|DM2,6,-8.53,1372.6,0.666144032261296,-0.3223,0.1666666666666666,USDJPY,H4,0.33333333333333337
Frequency 89,3,US2|DM1|UM2,6,25.95,1035.4,0.7855978754923943,-0.1709,0.3333333333333333,USDJPY,H4,0.16666666666666669
Frequency 90,3,UM2|UM3|DS1,6,43.92,1395.4,0.619127793582183,-0.0682,0.3333333333333333,USDJPY,H4,0.16666666666666669
Frequency 91,3,UM3|DS1|UM2,6,12.28,1395.4,0.6251448620249928,0.2181,0.8333333333333334,USDJPY,H4,0.33333333333333337
Frequency 92,3,US2|UM2|UM2,6,50.5,1306.8,0.8897185527706541,-0.057,0.3333333333333333,USDJPY,H4,0.16666666666666669
Frequency 93,3,US2|US1|UM3,6,48.09,1227.4,0.8750987427156638,0.1217,0.8333333333333334,USDJPY,H4,0.33333333333333337
Frequency 94,3,US1|UM3|UM2,6,50.38,1359.8,1.1707824308479422,0.0348,0.3333333333333333,USDJPY,H4,0.16666666666666669
Frequency 95,3,UM3|UM2|DM2,6,-10.55,1290.2,1.0551411192967373,0.0826,0.5,USDJPY,H4,0.0
Frequency 96,3,US1|UM2|UM2,6,47.56,924.4,0.6241669518897341,0.1414,0.6666666666666666,USDJPY,H4,0.16666666666666663
Frequency 97,3,UM3|DM2|UM2,6,-3.99,1423.6,0.7410848273085483,0.2064,0.6666666666666666,USDJPY,H4,0.16666666666666663
Frequency 98,3,UM1|DM1|DM1,6,-50.25,1341.8,0.6289112170400283,-0.267,0.6666666666666666,USDJPY,H4,0.16666666666666663
Frequency 99,3,DS1|DM3|UM2,6,-29.4,1273.4,0.9356216408341456,-0.0493,0.3333333333333333,USDJPY,H4,0.16666666666666669
Frequency 100,3,UM1|UM3|DM1,6,43.33,783.4,0.4611392315425484,0.1122,0.8333333333333334,USDJPY,H4,0.33333333333333337
Frequency 101,3,DS1|DM1|UM2,6,21.46,675.6,1.1258964839285237,0.0068,0.5,USDJPY,H4,0.0
Frequency 102,3,US1|UM3|DS1,6,43.65,1427.4,1.3019008660943523,0.0141,0.6666666666666666,USDJPY,H4,0.16666666666666663
Frequency 103,3,US1|UM2|DS1,6,36.25,1221.8,0.8872556602420578,0.2327,0.5,USDJPY,H4,0.0
Frequency 104,3,DM2|DL2|DL3,6,-50.04,1103.8,0.9799883366082112,0.3728,0.8333333333333334,USDJPY,H4,0.33333333333333337
Frequency 105,3,US1|DS1|UM3,6,42.51,1426.4,0.8635831594085152,0.1054,0.8333333333333334,USDJPY,H4,0.33333333333333337
Frequency 106,3,US1|US2|UM2,6,50.38,1229.4,1.165287364492689,-0.0653,0.6666666666666666,USDJPY,H4,0.16666666666666663
Frequency 107,3,NM1|DM1|UM2,6,26.87,1223.6,0.8063522752897178,0.2097,0.8333333333333334,USDJPY,H4,0.33333333333333337
Frequency 108,3,UM1|UM2|UM2,6,50.57,1137.6,0.778378609651809,0.0369,0.6666666666666666,USDJPY,H4,0.16666666666666663
Frequency 109,3,US2|DM2|UM3,6,-1.59,1316.0,0.8449884924806266,0.1214,0.6666666666666666,USDJPY,H4,0.16666666666666663
Frequency 110,3,UL2|DM1|DM2,6,-49.24,1156.0,0.815389866169898,0.0863,0.6666666666666666,USDJPY,H4,0.16666666666666663
Frequency 111,3,UM1|US1|DM2,6,-41.43,1172.8,0.7197128564005599,-0.1378,0.3333333333333333,USDJPY,H4,0.16666666666666669
Frequency 112,3,US1|US1|US1,6,49.93,1336.4,0.7793537977842635,0.2558,0.8333333333333334,USDJPY,H4,0.33333333333333337
Frequency 113,3,UM1|UM3|DS2,6,41.22,1295.2,0.3365628709733719,-0.0235,0.5,USDJPY,H4,0.0
Frequency 114,3,DM2|UM2|DS1,6,42.49,1231.2,1.472777888716321,0.0507,0.6666666666666666,USDJPY,H4,0.16666666666666663
Frequency 115,3,UM1|UM2|DM1,6,35.72,1158.2,1.0339998478015198,0.0188,0.5,USDJPY,H4,0.0
Frequency 116,3,DM1|DM2|DS1,6,-48.55,1114.4,0.6030269864307516,0.107,0.6666666666666666,USDJPY,H4,0.16666666666666663
Frequency 117,3,DS2|UM1|UM2,6,49.72,1334.8,0.8080117464803348,0.1943,0.6666666666666666,USDJPY,H4,0.16666666666666663
Frequency 118,3,UM2|US2|UM2,6,50.38,1198.4,0.5523920109869955,0.1107,0.3333333333333333,USDJPY,H4,0.16666666666666669
Frequency 119,3,UM2|DM2|UM3,6,9.59,1205.0,0.712005918869372,0.3078,0.8333333333333334,USDJPY,H4,0.33333333333333337
Frequency 120,3,UM2|DM1|US2,6,-4.39,1275.8,0.1462086532069574,0.3093,1.0,USDJPY,H4,0.5
Frequency 121,3,DM1|UM3|UM2,6,50.15,1280.6,0.5143517566267913,-0.1376,0.3333333333333333,USDJPY,H4,0.16666666666666669
Frequency 122,3,UM2|US2|UM1,6,34.95,909.2,0.453283565556371,-0.2555,0.3333333333333333,USDJPY,H4,0.16666666666666669
Frequency 123,3,UM1|DM1|UM3,6,41.87,1170.2,1.1093725187168155,-0.1324,0.3333333333333333,USDJPY,H4,0.16666666666666669
Frequency 124,3,UM1|UM2|DM2,6,-7.69,1209.6,1.334284787577922,-0.1214,0.5,USDJPY,H4,0.0
Frequency 125,3,UM2|DM2|UM1,6,-37.36,1185.2,0.9826004926292842,0.0604,0.8333333333333334,USDJPY,H4,0.33333333333333337
Frequency 126,3,UM2|DM2|DM2,6,-50.62,1192.0,1.1090803285886806,0.4327,0.8333333333333334,USDJPY,H4,0.33333333333333337
Frequency 127,3,UM1|US1|US1,6,25.56,1241.0,0.866230834077254,-0.0931,0.3333333333333333,USDJPY,H4,0.16666666666666669
Frequency 128,3,US2|DM2|DM2,6,-50.59,788.8,0.540786136034908,0.4707,0.6666666666666666,USDJPY,H4,0.16666666666666663
Frequency 129,3,US1|DM2|DM2,6,-50.57,1200.4,1.0124116209044758,0.2274,0.6666666666666666,USDJPY,H4,0.16666666666666663
Frequency 130,3,UM2|UM2|DM3,6,-21.7,1020.8,0.81419468032333,-0.4482,0.3333333333333333,USDJPY,H4,0.16666666666666669
Frequency 131,3,US2|US2|US1,6,43.03,1119.8,0.55970001088982,0.3968,0.8333333333333334,USDJPY,H4,0.33333333333333337
Frequency 132,3,US2|US1|US1,6,33.1,1211.4,0.7480900649860528,0.1892,0.6666666666666666,USDJPY,H4,0.16666666666666663
Frequency 133,3,US2|UM1|DM2,6,-32.09,494.8,0.6706973631014355,0.2228,0.6666666666666666,USDJPY,H4,0.16666666666666663
Frequency 134,3,DL2|UM2|UL3,6,49.33,1149.2,0.6005254724493252,-0.5626,0.5,USDJPY,H4,0.0
Frequency 135,3,DM1|UM1|UM3,6,49.14,813.6,0.5757292548643212,-0.0949,0.1666666666666666,USDJPY,H4,0.33333333333333337
Frequency 136,3,DM2|DS2|UM1,6,-35.26,1072.4,0.879252823089951,0.3264,0.6666666666666666,USDJPY,H4,0.16666666666666663
Frequency 137,3,UL3|UL2|UM2,6,50.2,1058.0,0.7364204643819738,0.0524,0.5,USDJPY,H4,0.0
Frequency 138,3,UM1|US2|US2,6,50.5,1168.2,0.8670931190950197,0.0963,0.6666666666666666,USDJPY,H4,0.16666666666666663
Frequency 139,3,US2|UM2|DM3,6,-9.86,1045.0,1.0284055190817707,0.556,0.6666666666666666,USDJPY,H4,0.16666666666666663
Frequency 140,3,US1|DL2|DM2,6,-50.25,1113.6,0.9633783076215452,-0.0153,0.5,USDJPY,H4,0.0
Frequency 141,3,DM2|UM1|US2,6,36.12,796.8,0.7833780250575467,-0.043,0.6666666666666666,USDJPY,H4,0.16666666666666663
Frequency 142,3,US2|UM2|US1,6,49.67,1096.4,0.7674155979509045,-0.0765,0.6666666666666666,USDJPY,H4,0.16666666666666663
Frequency 143,3,DS2|US2|US1,6,49.18,996.4,0.2793475993280585,-0.1655,0.5,USDJPY,H4,0.0
Frequency 144,3,US2|US1|US2,6,50.14,879.4,0.7743602710360464,0.2302,0.6666666666666666,USDJPY,H4,0.16666666666666663
Frequency 145,3,DM3|DM2|UM1,6,-31.87,966.8,0.5582111822539803,0.1093,0.5,USDJPY,H4,0.0
Frequency 1,3,UM2|DM2|UM2,7,-5.85,477.1666666666667,0.5400893638182863,-0.0749,0.2857142857142857,EURUSD,H4,0.2142857142857143
Frequency 2,3,UM1|UM2|DM2,7,-19.49,559.3333333333334,0.7628899227326073,-0.1154,0.1428571428571428,EURUSD,H4,0.3571428571428572
Frequency 3,3,US1|US2|UM2,7,50.37,603.0,0.6218853878540355,-0.1892,0.2857142857142857,EURUSD,H4,0.2142857142857143
Frequency 4,3,UM2|US1|UM3,7,36.22,477.6666666666667,0.7067828513819098,-0.0065,0.5714285714285714,EURUSD,H4,0.0714285714285714
Frequency 5,3,UM2|UM3|DM2,6,17.63,594.6,0.9738621057980272,0.1312,0.6666666666666666,EURUSD,H4,0.16666666666666663
Frequency 6,3,DM2|UM2|DM2,6,2.08,475.8,0.7332218706361169,0.0621,0.5,EURUSD,H4,0.0
Frequency 7,3,UM1|DM2|UM1,6,-39.62,285.0,0.6122057964536514,-0.1443,0.5,EURUSD,H4,0.0
Frequency 1,3,DS1|DS2|US1,8,-37.9,226.14285714285717,0.6697660110948779,-0.0356,0.5,EURUSD,H1,0.0
Frequency 2,3,DS1|DS2|DS1,8,-49.88,297.42857142857144,0.860295846496457,0.0021,0.5,EURUSD,H1,0.0
Frequency 3,3,UM2|DM2|DM1,6,-50.08,609.0,0.8931040369813938,-0.0159,0.5,EURUSD,H1,0.0
Frequency 4,3,US1|DS2|DS2,6,-50.5,442.6,0.5362611708688786,0.0721,0.6666666666666666,EURUSD,H1,0.16666666666666663
Frequency 5,3,DM2|DS2|DS2,6,-50.57,350.2,0.9034458177762636,0.1178,0.8333333333333334,EURUSD,H1,0.33333333333333337
